recall,precision
0.0,1.0
0.0005,0.9998818143851508
0.001,0.9997636287703017
0.0015,0.9996454431554525
0.002,0.9995272575406032
0.0025,0.999409071925754
0.003,0.9992908863109049
0.0035,0.9991727006960557
0.004,0.9990545150812065
0.0045000000000000005,0.9989363294663574
0.005,0.9988181438515081
0.0055,0.9986999582366589
0.006,0.9985817726218097
0.006500000000000001,0.9984635870069606
0.007,0.9983454013921114
0.0075,0.9982272157772621
0.008,0.998109030162413
0.0085,0.9979908445475638
0.009000000000000001,0.9978726589327146
0.0095,0.9977544733178654
0.01,0.9976362877030163
0.0105,0.997518102088167
0.011,0.9973999164733178
0.0115,0.9972817308584687
0.012,0.9971635452436195
0.0125,0.9970453596287703
0.013000000000000001,0.9969271740139212
0.0135,0.996808988399072
0.014,0.9966908027842227
0.0145,0.9965726171693735
0.015,0.9964544315545244
0.0155,0.9963362459396752
0.016,0.996218060324826
0.0165,0.9960998747099769
0.017,0.9959816890951276
0.0175,0.9958635034802784
0.018000000000000002,0.9957453178654292
0.0185,0.9956271322505801
0.019,0.9955089466357309
0.0195,0.9953907610208816
0.02,0.9952725754060325
0.0205,0.9951543897911833
0.021,0.9950362041763341
0.021500000000000002,0.9949180185614849
0.022,0.9947998329466358
0.0225,0.9946816473317865
0.023,0.9945634617169373
0.0235,0.9944452761020882
0.024,0.994327090487239
0.0245,0.9942089048723898
0.025,0.9940907192575406
0.025500000000000002,0.9939725336426914
0.026000000000000002,0.9938543480278422
0.0265,0.993736162412993
0.027,0.9936179767981439
0.0275,0.9934997911832947
0.028,0.9933816055684455
0.0285,0.9932634199535962
0.029,0.9931452343387471
0.029500000000000002,0.9930270487238979
0.03,0.9929088631090487
0.0305,0.9927906774941996
0.031,0.9926724918793504
0.0315,0.9925543062645011
0.032,0.9924361206496519
0.0325,0.9923179350348028
0.033,0.9921997494199536
0.0335,0.9920815638051044
0.034,0.9919633781902553
0.0345,0.991845192575406
0.035,0.9917270069605568
0.035500000000000004,0.9916088213457077
0.036000000000000004,0.9914906357308585
0.0365,0.9913724501160093
0.037,0.99125426450116
0.0375,0.991136078886311
0.038,0.9910178932714617
0.0385,0.9908997076566125
0.039,0.9907815220417634
0.0395,0.9906633364269142
0.04,0.990545150812065
0.0405,0.9904269651972157
0.041,0.9903087795823666
0.0415,0.9901905939675174
0.042,0.9900724083526682
0.0425,0.9899542227378191
0.043000000000000003,0.9898360371229699
0.043500000000000004,0.9897178515081206
0.044,0.9895996658932714
0.0445,0.9894814802784223
0.045,0.9893632946635731
0.0455,0.9892451090487239
0.046,0.9891269234338748
0.0465,0.9890087378190255
0.047,0.9888905522041763
0.0475,0.9887723665893271
0.048,0.988654180974478
0.0485,0.9885359953596288
0.049,0.9884178097447796
0.0495,0.9882996241299304
0.05,0.9881814385150812
0.0505,0.988063252900232
0.051000000000000004,0.9879450672853828
0.051500000000000004,0.9878268816705337
0.052000000000000005,0.9877086960556845
0.0525,0.9875905104408352
0.053,0.9874723248259861
0.0535,0.9873541392111369
0.054,0.9872359535962877
0.0545,0.9871177679814385
0.055,0.9869995823665894
0.0555,0.9868813967517401
0.056,0.9867632111368909
0.0565,0.9866450255220418
0.057,0.9865268399071926
0.0575,0.9864086542923434
0.058,0.9862904686774943
0.0585,0.986172283062645
0.059000000000000004,0.9860540974477958
0.059500000000000004,0.9859359118329466
0.06,0.9858177262180975
0.0605,0.9856995406032483
0.061,0.985581354988399
0.0615,0.9854631693735499
0.062,0.9853449837587007
0.0625,0.9852267981438515
0.063,0.9851086125290023
0.0635,0.9849904269141532
0.064,0.984872241299304
0.0645,0.9847540556844547
0.065,0.9846358700696056
0.0655,0.9845176844547564
0.066,0.9843994988399072
0.0665,0.984281313225058
0.067,0.9841631276102089
0.0675,0.9840449419953596
0.068,0.9839267563805104
0.0685,0.9838085707656613
0.069,0.9836903851508121
0.0695,0.9835721995359629
0.07,0.9834540139211136
0.07050000000000001,0.9833358283062645
0.07100000000000001,0.9832176426914153
0.07150000000000001,0.9830994570765661
0.07200000000000001,0.982981271461717
0.0725,0.9828630858468678
0.073,0.9827449002320185
0.0735,0.9826267146171694
0.074,0.9825085290023202
0.0745,0.982390343387471
0.075,0.9822721577726218
0.0755,0.9821539721577727
0.076,0.9820357865429235
0.0765,0.9819176009280742
0.077,0.981799415313225
0.0775,0.9816812296983759
0.078,0.9815630440835267
0.0785,0.9814448584686775
0.079,0.9813266728538284
0.0795,0.9812084872389791
0.08,0.9810903016241299
0.0805,0.9809721160092808
0.081,0.9808539303944316
0.0815,0.9807357447795824
0.082,0.9806175591647331
0.0825,0.980499373549884
0.083,0.9803811879350348
0.0835,0.9802630023201856
0.084,0.9801448167053365
0.0845,0.9800266310904873
0.085,0.979908445475638
0.0855,0.9797902598607888
0.08600000000000001,0.9796720742459397
0.08650000000000001,0.9795538886310905
0.08700000000000001,0.9794357030162413
0.08750000000000001,0.9793175174013922
0.088,0.979199331786543
0.0885,0.9790811461716937
0.089,0.9789629605568445
0.0895,0.9788447749419954
0.09,0.9787265893271462
0.0905,0.978608403712297
0.091,0.9784902180974479
0.0915,0.9783720324825986
0.092,0.9782538468677494
0.0925,0.9781356612529002
0.093,0.9780174756380511
0.0935,0.9778992900232019
0.094,0.9777811044083526
0.0945,0.9776629187935035
0.095,0.9775447331786543
0.0955,0.9774265475638051
0.096,0.9773083619489559
0.0965,0.9771901763341068
0.097,0.9770719907192575
0.0975,0.9769538051044083
0.098,0.9768356194895592
0.0985,0.97671743387471
0.099,0.9765992482598608
0.0995,0.9764810626450116
0.1,0.9763628770301624
0.1005,0.9762446914153132
0.101,0.976126505800464
0.1015,0.9760083201856149
0.10200000000000001,0.9758901345707657
0.10250000000000001,0.9757719489559165
0.10300000000000001,0.9756537633410673
0.10350000000000001,0.9755355777262181
0.10400000000000001,0.9754173921113689
0.1045,0.9752992064965197
0.105,0.9751810208816706
0.1055,0.9750628352668214
0.106,0.9749446496519721
0.1065,0.974826464037123
0.107,0.9747082784222738
0.1075,0.9745900928074246
0.108,0.9744719071925754
0.1085,0.9743537215777263
0.109,0.974235535962877
0.1095,0.9741173503480278
0.11,0.9739991647331787
0.1105,0.9738809791183295
0.111,0.9737627935034803
0.1115,0.973644607888631
0.112,0.9735264222737819
0.1125,0.9734082366589327
0.113,0.9732900510440835
0.1135,0.9731718654292344
0.114,0.9730536798143852
0.1145,0.972935494199536
0.115,0.9728173085846867
0.1155,0.9726991229698376
0.116,0.9725809373549884
0.1165,0.9724627517401392
0.117,0.9723445661252901
0.11750000000000001,0.9722263805104409
0.11800000000000001,0.9721081948955916
0.11850000000000001,0.9719900092807424
0.11900000000000001,0.9718718236658933
0.11950000000000001,0.9717536380510441
0.12,0.9716354524361949
0.1205,0.9715172668213458
0.121,0.9713990812064965
0.1215,0.9712808955916473
0.122,0.9711627099767982
0.1225,0.971044524361949
0.123,0.9709263387470998
0.1235,0.9708081531322506
0.124,0.9706899675174014
0.1245,0.9705717819025522
0.125,0.970453596287703
0.1255,0.9703354106728539
0.126,0.9702172250580047
0.1265,0.9700990394431555
0.127,0.9699808538283062
0.1275,0.9698626682134571
0.128,0.9697444825986079
0.1285,0.9696262969837587
0.129,0.9695081113689096
0.1295,0.9693899257540604
0.13,0.9692717401392111
0.1305,0.9691535545243619
0.131,0.9690353689095128
0.1315,0.9689171832946636
0.132,0.9687989976798144
0.1325,0.9686808120649653
0.133,0.968562626450116
0.1335,0.9684444408352668
0.134,0.9683262552204176
0.1345,0.9682080696055685
0.135,0.9680898839907193
0.1355,0.96797169837587
0.136,0.9678535127610209
0.1365,0.9677353271461717
0.137,0.9676171415313225
0.1375,0.9674989559164733
0.138,0.9673807703016242
0.1385,0.967262584686775
0.139,0.9671443990719257
0.1395,0.9670262134570766
0.14,0.9669080278422274
0.1405,0.9667898422273782
0.14100000000000001,0.966671656612529
0.14150000000000001,0.9665534709976799
0.14200000000000002,0.9664352853828306
0.14250000000000002,0.9663170997679814
0.14300000000000002,0.9661989141531323
0.14350000000000002,0.9660807285382831
0.14400000000000002,0.9659625429234339
0.1445,0.9658443573085848
0.145,0.9657261716937355
0.1455,0.9656079860788863
0.146,0.9654898004640371
0.1465,0.965371614849188
0.147,0.9652534292343388
0.1475,0.9651352436194895
0.148,0.9650170580046404
0.1485,0.9648988723897912
0.149,0.964780686774942
0.1495,0.9646625011600928
0.15,0.9645443155452437
0.1505,0.9644261299303944
0.151,0.9643079443155452
0.1515,0.9641897587006961
0.152,0.9640715730858469
0.1525,0.9639533874709977
0.153,0.9638352018561485
0.1535,0.9637170162412994
0.154,0.9635988306264501
0.1545,0.9634806450116009
0.155,0.9633624593967518
0.1555,0.9632442737819026
0.156,0.9631260881670534
0.1565,0.9630079025522041
0.157,0.962889716937355
0.1575,0.9627715313225058
0.158,0.9626533457076566
0.1585,0.9625351600928075
0.159,0.9624169744779583
0.1595,0.962298788863109
0.16,0.9621806032482598
0.1605,0.9620624176334107
0.161,0.9619442320185615
0.1615,0.9618260464037123
0.162,0.9617078607888632
0.1625,0.961589675174014
0.163,0.9614714895591647
0.1635,0.9613533039443156
0.164,0.9612351183294664
0.1645,0.9611169327146172
0.165,0.960998747099768
0.1655,0.9608805614849188
0.166,0.9607623758700696
0.1665,0.9606441902552204
0.167,0.9605260046403712
0.1675,0.9604078190255221
0.168,0.9602896334106729
0.1685,0.9601714477958236
0.169,0.9600532621809745
0.1695,0.9599350765661253
0.17,0.9598168909512761
0.1705,0.959698705336427
0.171,0.9595805197215778
0.1715,0.9594623341067285
0.17200000000000001,0.9593441484918793
0.17250000000000001,0.9592259628770302
0.17300000000000001,0.959107777262181
0.17350000000000002,0.9589895916473318
0.17400000000000002,0.9588714060324827
0.17450000000000002,0.9587532204176334
0.17500000000000002,0.9586350348027842
0.17550000000000002,0.958516849187935
0.176,0.9583986635730859
0.1765,0.9582804779582367
0.177,0.9581622923433875
0.1775,0.9580441067285383
0.178,0.9579259211136891
0.1785,0.9578077354988399
0.179,0.9576895498839908
0.1795,0.9575713642691416
0.18,0.9574531786542924
0.1805,0.9573349930394431
0.181,0.957216807424594
0.1815,0.9570986218097448
0.182,0.9569804361948956
0.1825,0.9568622505800464
0.183,0.9567440649651973
0.1835,0.956625879350348
0.184,0.9565076937354988
0.1845,0.9563895081206497
0.185,0.9562713225058005
0.1855,0.9561531368909513
0.186,0.9560349512761022
0.1865,0.9559167656612529
0.187,0.9557985800464037
0.1875,0.9556803944315545
0.188,0.9555622088167054
0.1885,0.9554440232018562
0.189,0.955325837587007
0.1895,0.9552076519721577
0.19,0.9550894663573086
0.1905,0.9549712807424594
0.191,0.9548530951276102
0.1915,0.9547349095127611
0.192,0.9546167238979119
0.1925,0.9544985382830626
0.193,0.9543803526682135
0.1935,0.9542621670533643
0.194,0.9541439814385151
0.1945,0.9540257958236659
0.195,0.9539076102088168
0.1955,0.9537894245939675
0.196,0.9536712389791183
0.1965,0.9535530533642692
0.197,0.95343486774942
0.1975,0.9533166821345708
0.198,0.9531984965197215
0.1985,0.9530803109048724
0.199,0.9529621252900232
0.1995,0.952843939675174
0.2,0.9527257540603249
0.2005,0.9526075684454757
0.201,0.9524893828306265
0.2015,0.9523711972157772
0.202,0.9522530116009281
0.2025,0.9521348259860789
0.203,0.9520166403712297
0.20350000000000001,0.9518984547563806
0.20400000000000001,0.9517802691415314
0.20450000000000002,0.9516620835266821
0.20500000000000002,0.9515438979118329
0.20550000000000002,0.9514257122969838
0.20600000000000002,0.9513075266821346
0.20650000000000002,0.9511893410672854
0.20700000000000002,0.9510711554524363
0.20750000000000002,0.950952969837587
0.20800000000000002,0.9508347842227378
0.2085,0.9507165986078887
0.209,0.9505984129930395
0.2095,0.9504802273781903
0.21,0.950362041763341
0.2105,0.9502438561484919
0.211,0.9501256705336427
0.2115,0.9500074849187935
0.212,0.9498892993039444
0.2125,0.9497711136890952
0.213,0.949652928074246
0.2135,0.9495347424593967
0.214,0.9494165568445476
0.2145,0.9492983712296984
0.215,0.9491801856148492
0.2155,0.9490620000000001
0.216,0.9489438143851509
0.2165,0.9488256287703016
0.217,0.9487074431554524
0.2175,0.9485892575406033
0.218,0.9484710719257541
0.2185,0.9483528863109049
0.219,0.9482347006960558
0.2195,0.9481165150812065
0.22,0.9479983294663573
0.2205,0.9478801438515081
0.221,0.947761958236659
0.2215,0.9476437726218098
0.222,0.9475255870069605
0.2225,0.9474074013921114
0.223,0.9472892157772622
0.2235,0.947171030162413
0.224,0.9470528445475638
0.2245,0.9469346589327147
0.225,0.9468164733178654
0.2255,0.9466982877030162
0.226,0.9465801020881671
0.2265,0.9464619164733179
0.227,0.9463437308584687
0.2275,0.9462255452436195
0.228,0.9461073596287704
0.2285,0.9459891740139211
0.229,0.9458709883990719
0.2295,0.9457528027842228
0.23,0.9456346171693736
0.2305,0.9455164315545244
0.231,0.9453982459396753
0.2315,0.945280060324826
0.232,0.9451618747099768
0.2325,0.9450436890951276
0.233,0.9449255034802785
0.2335,0.9448073178654293
0.234,0.94468913225058
0.23450000000000001,0.9445709466357308
0.23500000000000001,0.9444527610208817
0.23550000000000001,0.9443345754060325
0.23600000000000002,0.9442163897911833
0.23650000000000002,0.9440982041763342
0.23700000000000002,0.943980018561485
0.23750000000000002,0.9438618329466357
0.23800000000000002,0.9437436473317866
0.23850000000000002,0.9436254617169374
0.23900000000000002,0.9435072761020882
0.23950000000000002,0.943389090487239
0.24,0.9432709048723898
0.2405,0.9431527192575406
0.241,0.9430345336426914
0.2415,0.9429163480278423
0.242,0.9427981624129931
0.2425,0.9426799767981439
0.243,0.9425617911832946
0.2435,0.9424436055684455
0.244,0.9423254199535963
0.2445,0.9422072343387471
0.245,0.942089048723898
0.2455,0.9419708631090488
0.246,0.9418526774941995
0.2465,0.9417344918793504
0.247,0.9416163062645012
0.2475,0.941498120649652
0.248,0.9413799350348028
0.2485,0.9412617494199537
0.249,0.9411435638051044
0.2495,0.9410253781902552
0.25,0.940907192575406
0.2505,0.9407890069605569
0.251,0.9406708213457077
0.2515,0.9405526357308585
0.252,0.9404344501160093
0.2525,0.9403162645011601
0.253,0.9401980788863109
0.2535,0.9400798932714618
0.254,0.9399617076566126
0.2545,0.9398435220417634
0.255,0.9397253364269141
0.2555,0.939607150812065
0.256,0.9394889651972158
0.2565,0.9393707795823666
0.257,0.9392525939675175
0.2575,0.9391344083526683
0.258,0.939016222737819
0.2585,0.9388980371229698
0.259,0.9387798515081207
0.2595,0.9386616658932715
0.26,0.9385434802784223
0.2605,0.9384252946635732
0.261,0.9383071090487239
0.2615,0.9381889234338747
0.262,0.9380707378190255
0.2625,0.9379525522041764
0.263,0.9378343665893272
0.2635,0.937716180974478
0.264,0.9375979953596288
0.2645,0.9374798097447796
0.265,0.9373616241299304
0.2655,0.9372434385150812
0.266,0.9371252529002321
0.2665,0.9370070672853829
0.267,0.9368888816705336
0.2675,0.9367706960556845
0.268,0.9366525104408353
0.2685,0.9365343248259861
0.269,0.936416139211137
0.2695,0.9362979535962878
0.27,0.9361797679814385
0.2705,0.9360615823665893
0.271,0.9359433967517402
0.2715,0.935825211136891
0.272,0.9357070255220418
0.2725,0.9355888399071925
0.273,0.9354706542923434
0.2735,0.9353524686774942
0.274,0.935234283062645
0.2745,0.9351160974477959
0.275,0.9349979118329467
0.2755,0.9348797262180975
0.276,0.9347615406032483
0.2765,0.9346433549883991
0.277,0.9345251693735499
0.2775,0.9344069837587007
0.278,0.9342887981438516
0.2785,0.9341706125290024
0.279,0.9340524269141531
0.2795,0.9339342412993039
0.28,0.9338160556844548
0.2805,0.9336978700696056
0.281,0.9335796844547564
0.28150000000000003,0.9334614988399073
0.28200000000000003,0.933343313225058
0.28250000000000003,0.9332251276102088
0.28300000000000003,0.9331069419953597
0.28350000000000003,0.9329887563805105
0.28400000000000003,0.9328705707656613
0.28450000000000003,0.932752385150812
0.28500000000000003,0.9326341995359629
0.28550000000000003,0.9325160139211137
0.28600000000000003,0.9323978283062645
0.28650000000000003,0.9322796426914153
0.28700000000000003,0.9321614570765662
0.28750000000000003,0.932043271461717
0.28800000000000003,0.9319250858468677
0.2885,0.9318069002320186
0.289,0.9316887146171694
0.2895,0.9315705290023202
0.29,0.9314523433874711
0.2905,0.9313341577726219
0.291,0.9312159721577726
0.2915,0.9310977865429235
0.292,0.9309796009280743
0.2925,0.9308614153132251
0.293,0.9307432296983759
0.2935,0.9306250440835268
0.294,0.9305068584686775
0.2945,0.9303886728538283
0.295,0.9302704872389791
0.2955,0.93015230162413
0.296,0.9300341160092808
0.2965,0.9299159303944315
0.297,0.9297977447795824
0.2975,0.9296795591647332
0.298,0.929561373549884
0.2985,0.9294431879350349
0.299,0.9293250023201857
0.2995,0.9292068167053364
0.3,0.9290886310904872
0.3005,0.9289704454756381
0.301,0.9288522598607889
0.3015,0.9287340742459397
0.302,0.9286158886310906
0.3025,0.9284977030162413
0.303,0.9283795174013921
0.3035,0.9282613317865429
0.304,0.9281431461716938
0.3045,0.9280249605568446
0.305,0.9279067749419954
0.3055,0.9277885893271463
0.306,0.927670403712297
0.3065,0.9275522180974478
0.307,0.9274340324825987
0.3075,0.9273158468677495
0.308,0.9271976612529003
0.3085,0.927079475638051
0.309,0.9269612900232019
0.3095,0.9268431044083527
0.31,0.9267249187935035
0.3105,0.9266067331786543
0.311,0.9264885475638052
0.3115,0.926370361948956
0.312,0.9262521763341067
0.3125,0.9261339907192576
0.313,0.9260158051044084
0.3135,0.9258976194895592
0.314,0.9257794338747101
0.3145,0.9256612482598608
0.315,0.9255430626450116
0.3155,0.9254248770301624
0.316,0.9253066914153133
0.3165,0.9251885058004641
0.317,0.9250703201856149
0.3175,0.9249521345707656
0.318,0.9248339489559165
0.3185,0.9247157633410673
0.319,0.9245975777262181
0.3195,0.924479392111369
0.32,0.9243612064965198
0.3205,0.9242430208816705
0.321,0.9241248352668214
0.3215,0.9240066496519722
0.322,0.923888464037123
0.3225,0.9237702784222738
0.323,0.9236520928074247
0.3235,0.9235339071925754
0.324,0.9234157215777262
0.3245,0.923297535962877
0.325,0.9231793503480279
0.3255,0.9230611647331787
0.326,0.9229429791183295
0.3265,0.9228247935034803
0.327,0.9227066078886311
0.3275,0.9225884222737819
0.328,0.9224702366589328
0.3285,0.9223520510440836
0.329,0.9222338654292344
0.3295,0.9221156798143851
0.33,0.921997494199536
0.3305,0.9218793085846868
0.331,0.9217611229698376
0.3315,0.9216429373549885
0.332,0.9215247517401393
0.3325,0.92140656612529
0.333,0.9212883805104408
0.3335,0.9211701948955917
0.334,0.9210520092807425
0.3345,0.9209338236658933
0.335,0.9208156380510442
0.3355,0.9206974524361949
0.336,0.9205792668213457
0.3365,0.9204610812064966
0.337,0.9203428955916474
0.3375,0.9202247099767982
0.338,0.920106524361949
0.3385,0.9199883387470998
0.339,0.9198701531322506
0.3395,0.9197519675174014
0.34,0.9196337819025522
0.3405,0.9195155962877031
0.341,0.9193974106728539
0.3415,0.9192792250580046
0.342,0.9191610394431555
0.3425,0.9190428538283063
0.343,0.9189246682134571
0.3435,0.918806482598608
0.34400000000000003,0.9186882969837588
0.34450000000000003,0.9185701113689095
0.34500000000000003,0.9184519257540603
0.34550000000000003,0.9183337401392112
0.34600000000000003,0.918215554524362
0.34650000000000003,0.9180973689095128
0.34700000000000003,0.9179791832946635
0.34750000000000003,0.9178609976798144
0.34800000000000003,0.9177428120649652
0.34850000000000003,0.917624626450116
0.34900000000000003,0.9175064408352669
0.34950000000000003,0.9173882552204177
0.35000000000000003,0.9172700696055684
0.35050000000000003,0.9171518839907193
0.35100000000000003,0.9170336983758701
0.35150000000000003,0.9169155127610209
0.352,0.9167973271461718
0.3525,0.9166791415313226
0.353,0.9165609559164734
0.3535,0.9164427703016241
0.354,0.916324584686775
0.3545,0.9162063990719258
0.355,0.9160882134570766
0.3555,0.9159700278422274
0.356,0.9158518422273783
0.3565,0.915733656612529
0.357,0.9156154709976798
0.3575,0.9154972853828307
0.358,0.9153790997679815
0.3585,0.9152609141531323
0.359,0.9151427285382832
0.3595,0.9150245429234339
0.36,0.9149063573085847
0.3605,0.9147881716937355
0.361,0.9146699860788864
0.3615,0.9145518004640372
0.362,0.914433614849188
0.3625,0.9143154292343387
0.363,0.9141972436194896
0.3635,0.9140790580046404
0.364,0.9139608723897912
0.3645,0.9138426867749421
0.365,0.9137245011600929
0.3655,0.9136063155452436
0.366,0.9134881299303945
0.3665,0.9133699443155453
0.367,0.9132517587006961
0.3675,0.9131335730858469
0.368,0.9130153874709978
0.3685,0.9128972018561485
0.369,0.9127790162412993
0.3695,0.9126608306264502
0.37,0.912542645011601
0.3705,0.9124244593967518
0.371,0.9123062737819025
0.3715,0.9121880881670534
0.372,0.9120699025522042
0.3725,0.911951716937355
0.373,0.9118335313225059
0.3735,0.9117153457076567
0.374,0.9115971600928074
0.3745,0.9114789744779583
0.375,0.9113607888631091
0.3755,0.9112426032482599
0.376,0.9111244176334107
0.3765,0.9110062320185616
0.377,0.9108880464037123
0.3775,0.9107698607888631
0.378,0.9106516751740139
0.3785,0.9105334895591648
0.379,0.9104153039443156
0.3795,0.9102971183294664
0.38,0.9101789327146173
0.3805,0.910060747099768
0.381,0.9099425614849188
0.3815,0.9098243758700697
0.382,0.9097061902552205
0.3825,0.9095880046403713
0.383,0.909469819025522
0.3835,0.9093516334106729
0.384,0.9092334477958237
0.3845,0.9091152621809745
0.385,0.9089970765661253
0.3855,0.9088788909512762
0.386,0.9087607053364269
0.3865,0.9086425197215777
0.387,0.9085243341067286
0.3875,0.9084061484918794
0.388,0.9082879628770302
0.3885,0.9081697772621811
0.389,0.9080515916473318
0.3895,0.9079334060324826
0.39,0.9078152204176334
0.3905,0.9076970348027843
0.391,0.9075788491879351
0.3915,0.9074606635730859
0.392,0.9073424779582366
0.3925,0.9072242923433875
0.393,0.9071061067285383
0.3935,0.9069879211136891
0.394,0.90686973549884
0.3945,0.9067515498839908
0.395,0.9066333642691415
0.3955,0.9065151786542924
0.396,0.9063969930394432
0.3965,0.906278807424594
0.397,0.9061606218097448
0.3975,0.9060424361948957
0.398,0.9059242505800464
0.3985,0.9058060649651972
0.399,0.9056878793503481
0.3995,0.9055696937354989
0.4,0.9054515081206497
0.4005,0.9053333225058005
0.401,0.9052151368909513
0.4015,0.9050969512761021
0.402,0.9049787656612529
0.4025,0.9048605800464038
0.403,0.9047423944315546
0.4035,0.9046242088167054
0.404,0.9045060232018562
0.4045,0.904387837587007
0.405,0.9042696519721578
0.4055,0.9041514663573086
0.406,0.9040332807424595
0.40650000000000003,0.9039150951276103
0.40700000000000003,0.903796909512761
0.40750000000000003,0.9036787238979118
0.40800000000000003,0.9035605382830627
0.40850000000000003,0.9034423526682135
0.40900000000000003,0.9033241670533643
0.40950000000000003,0.9032059814385152
0.41000000000000003,0.9030877958236659
0.41050000000000003,0.9029696102088167
0.41100000000000003,0.9028514245939676
0.41150000000000003,0.9027332389791184
0.41200000000000003,0.9026150533642692
0.41250000000000003,0.90249686774942
0.41300000000000003,0.9023786821345708
0.41350000000000003,0.9022604965197216
0.41400000000000003,0.9021423109048724
0.41450000000000004,0.9020241252900232
0.41500000000000004,0.9019059396751741
0.41550000000000004,0.9017877540603249
0.41600000000000004,0.9016695684454756
0.4165,0.9015513828306265
0.417,0.9014331972157773
0.4175,0.9013150116009281
0.418,0.901196825986079
0.4185,0.9010786403712298
0.419,0.9009604547563805
0.4195,0.9008422691415314
0.42,0.9007240835266822
0.4205,0.900605897911833
0.421,0.9004877122969838
0.4215,0.9003695266821347
0.422,0.9002513410672854
0.4225,0.9001331554524362
0.423,0.900014969837587
0.4235,0.8998967842227379
0.424,0.8997785986078887
0.4245,0.8996604129930394
0.425,0.8995422273781903
0.4255,0.8994240417633411
0.426,0.8993058561484919
0.4265,0.8991876705336428
0.427,0.8990694849187936
0.4275,0.8989512993039444
0.428,0.8988331136890951
0.4285,0.898714928074246
0.429,0.8985967424593968
0.4295,0.8984785568445476
0.43,0.8983603712296984
0.4305,0.8982421856148493
0.431,0.898124
0.4315,0.8980058143851508
0.432,0.8978876287703017
0.4325,0.8977694431554525
0.433,0.8976512575406033
0.4335,0.8975330719257542
0.434,0.8974148863109049
0.4345,0.8972967006960557
0.435,0.8971785150812065
0.4355,0.8970603294663574
0.436,0.8969421438515082
0.4365,0.896823958236659
0.437,0.8967057726218098
0.4375,0.8965875870069606
0.438,0.8964694013921114
0.4385,0.8963512157772622
0.439,0.8962330301624131
0.4395,0.8961148445475638
0.44,0.8959966589327146
0.4405,0.8958784733178655
0.441,0.8957602877030163
0.4415,0.8956421020881671
0.442,0.895523916473318
0.4425,0.8954057308584688
0.443,0.8952875452436195
0.4435,0.8951693596287703
0.444,0.8950511740139212
0.4445,0.894932988399072
0.445,0.8948148027842228
0.4455,0.8946966171693735
0.446,0.8945784315545244
0.4465,0.8944602459396752
0.447,0.894342060324826
0.4475,0.8942238747099769
0.448,0.8941056890951277
0.4485,0.8939875034802784
0.449,0.8938693178654293
0.4495,0.8937511322505801
0.45,0.8936329466357309
0.4505,0.8935147610208817
0.451,0.8933965754060326
0.4515,0.8932783897911833
0.452,0.8931602041763341
0.4525,0.8930420185614849
0.453,0.8929238329466358
0.4535,0.8928056473317866
0.454,0.8926874617169374
0.4545,0.8925692761020882
0.455,0.892451090487239
0.4555,0.8923329048723898
0.456,0.8922147192575407
0.4565,0.8920965336426915
0.457,0.8919783480278423
0.4575,0.891860162412993
0.458,0.8917419767981439
0.4585,0.8916237911832947
0.459,0.8915056055684455
0.4595,0.8913874199535963
0.46,0.8912692343387472
0.4605,0.8911510487238979
0.461,0.8910328631090487
0.4615,0.8909146774941996
0.462,0.8907964918793504
0.4625,0.8906783062645012
0.463,0.8905601206496521
0.4635,0.8904419350348028
0.464,0.8903237494199536
0.4645,0.8902055638051044
0.465,0.8900873781902553
0.4655,0.8899691925754061
0.466,0.8898510069605569
0.4665,0.8897328213457077
0.467,0.8896146357308585
0.4675,0.8894964501160093
0.468,0.8893782645011601
0.4685,0.889260078886311
0.46900000000000003,0.8891418932714618
0.46950000000000003,0.8890237076566125
0.47000000000000003,0.8889055220417634
0.47050000000000003,0.8887873364269142
0.47100000000000003,0.888669150812065
0.47150000000000003,0.8885509651972159
0.47200000000000003,0.8884327795823667
0.47250000000000003,0.8883145939675174
0.47300000000000003,0.8881964083526682
0.47350000000000003,0.8880782227378191
0.47400000000000003,0.8879600371229699
0.47450000000000003,0.8878418515081207
0.47500000000000003,0.8877236658932715
0.47550000000000003,0.8876054802784223
0.47600000000000003,0.8874872946635731
0.47650000000000003,0.8873691090487239
0.47700000000000004,0.8872509234338748
0.47750000000000004,0.8871327378190256
0.47800000000000004,0.8870145522041764
0.47850000000000004,0.8868963665893272
0.47900000000000004,0.886778180974478
0.47950000000000004,0.8866599953596288
0.48,0.8865418097447797
0.4805,0.8864236241299305
0.481,0.8863054385150813
0.4815,0.886187252900232
0.482,0.8860690672853829
0.4825,0.8859508816705337
0.483,0.8858326960556845
0.4835,0.8857145104408353
0.484,0.8855963248259862
0.4845,0.8854781392111369
0.485,0.8853599535962877
0.4855,0.8852417679814386
0.486,0.8851235823665894
0.4865,0.8850053967517402
0.487,0.8848872111368911
0.4875,0.8847690255220418
0.488,0.8846508399071926
0.4885,0.8845326542923434
0.489,0.8844144686774943
0.4895,0.8842962830626451
0.49,0.8841780974477959
0.4905,0.8840599118329466
0.491,0.8839417262180975
0.4915,0.8838235406032483
0.492,0.8837053549883991
0.4925,0.88358716937355
0.493,0.8834689837587008
0.4935,0.8833507981438515
0.494,0.8832326125290024
0.4945,0.8831144269141532
0.495,0.882996241299304
0.4955,0.8828780556844548
0.496,0.8827598700696057
0.4965,0.8826416844547564
0.497,0.8825234988399072
0.4975,0.882405313225058
0.498,0.8822871276102089
0.4985,0.8821689419953597
0.499,0.8820507563805104
0.4995,0.8819325707656613
0.5,0.8818143851508121
0.5005000000000001,0.8818104978785044
0.501,0.8818066106061966
0.5015000000000001,0.8818027233338889
0.502,0.8817988360615812
0.5025000000000001,0.8817949487892733
0.503,0.8817910615169656
0.5035000000000001,0.8817871742446579
0.504,0.8817832869723501
0.5045000000000001,0.8817793997000424
0.505,0.8817755124277346
0.5055000000000001,0.8817716251554268
0.506,0.8817677378831191
0.5065000000000001,0.8817638506108113
0.507,0.8817599633385036
0.5075000000000001,0.8817560760661959
0.508,0.8817521887938881
0.5085000000000001,0.8817483015215803
0.509,0.8817444142492726
0.5095000000000001,0.8817405269769648
0.51,0.8817366397046571
0.5105000000000001,0.8817327524323494
0.511,0.8817288651600416
0.5115000000000001,0.8817249778877339
0.512,0.881721090615426
0.5125,0.8817172033431183
0.513,0.8817133160708106
0.5135,0.8817094287985028
0.514,0.8817055415261951
0.5145,0.8817016542538874
0.515,0.8816977669815795
0.5155,0.8816938797092718
0.516,0.8816899924369641
0.5165,0.8816861051646563
0.517,0.8816822178923486
0.5175,0.8816783306200409
0.518,0.881674443347733
0.5185,0.8816705560754253
0.519,0.8816666688031176
0.5195,0.8816627815308098
0.52,0.8816588942585021
0.5205,0.8816550069861943
0.521,0.8816511197138865
0.5215,0.8816472324415788
0.522,0.881643345169271
0.5225,0.8816394578969633
0.523,0.8816355706246556
0.5235,0.8816316833523478
0.524,0.88162779608004
0.5245,0.8816239088077323
0.525,0.8816200215354245
0.5255,0.8816161342631168
0.526,0.8816122469908091
0.5265,0.8816083597185013
0.527,0.8816044724461936
0.5275,0.8816005851738857
0.528,0.881596697901578
0.5285,0.8815928106292703
0.529,0.8815889233569625
0.5295,0.8815850360846548
0.53,0.8815811488123471
0.5305,0.8815772615400392
0.531,0.8815733742677315
0.5315,0.8815694869954238
0.532,0.881565599723116
0.5325,0.8815617124508083
0.533,0.8815578251785006
0.5335,0.8815539379061927
0.534,0.881550050633885
0.5345,0.8815461633615773
0.535,0.8815422760892695
0.5355,0.8815383888169618
0.536,0.881534501544654
0.5365,0.8815306142723462
0.537,0.8815267270000385
0.5375,0.8815228397277307
0.538,0.881518952455423
0.5385,0.8815150651831153
0.539,0.8815111779108075
0.5395,0.8815072906384998
0.54,0.881503403366192
0.5405,0.8814995160938842
0.541,0.8814956288215765
0.5415,0.8814917415492688
0.542,0.881487854276961
0.5425,0.8814839670046533
0.543,0.8814800797323454
0.5435,0.8814761924600377
0.544,0.88147230518773
0.5445,0.8814684179154222
0.545,0.8814645306431145
0.5455,0.8814606433708068
0.546,0.8814567560984989
0.5465,0.8814528688261912
0.547,0.8814489815538835
0.5475,0.8814450942815757
0.548,0.881441207009268
0.5485,0.8814373197369603
0.549,0.8814334324646524
0.5495,0.8814295451923447
0.55,0.8814256579200369
0.5505,0.8814217706477292
0.551,0.8814178833754215
0.5515,0.8814139961031137
0.552,0.881410108830806
0.5525,0.8814062215584982
0.553,0.8814023342861904
0.5535,0.8813984470138827
0.554,0.881394559741575
0.5545,0.8813906724692672
0.555,0.8813867851969595
0.5555,0.8813828979246517
0.556,0.8813790106523439
0.5565,0.8813751233800362
0.557,0.8813712361077285
0.5575,0.8813673488354207
0.558,0.881363461563113
0.5585,0.8813595742908051
0.559,0.8813556870184974
0.5595,0.8813517997461897
0.56,0.8813479124738819
0.5605,0.8813440252015742
0.561,0.8813401379292665
0.5615,0.8813362506569586
0.562,0.8813323633846509
0.5625,0.8813284761123432
0.5630000000000001,0.8813245888400354
0.5635,0.8813207015677277
0.5640000000000001,0.88131681429542
0.5645,0.8813129270231121
0.5650000000000001,0.8813090397508044
0.5655,0.8813051524784966
0.5660000000000001,0.8813012652061889
0.5665,0.8812973779338812
0.5670000000000001,0.8812934906615734
0.5675,0.8812896033892657
0.5680000000000001,0.8812857161169579
0.5685,0.8812818288446501
0.5690000000000001,0.8812779415723424
0.5695,0.8812740543000347
0.5700000000000001,0.8812701670277269
0.5705,0.8812662797554192
0.5710000000000001,0.8812623924831114
0.5715,0.8812585052108036
0.5720000000000001,0.8812546179384959
0.5725,0.8812507306661882
0.5730000000000001,0.8812468433938804
0.5735,0.8812429561215727
0.5740000000000001,0.8812390688492648
0.5745,0.8812351815769571
0.5750000000000001,0.8812312943046494
0.5755,0.8812274070323416
0.5760000000000001,0.8812235197600339
0.5765,0.8812196324877262
0.577,0.8812157452154183
0.5775,0.8812118579431106
0.578,0.8812079706708029
0.5785,0.8812040833984951
0.579,0.8812001961261874
0.5795,0.8811963088538797
0.58,0.8811924215815718
0.5805,0.8811885343092641
0.581,0.8811846470369563
0.5815,0.8811807597646486
0.582,0.8811768724923409
0.5825,0.8811729852200331
0.583,0.8811690979477254
0.5835,0.8811652106754176
0.584,0.8811613234031098
0.5845,0.8811574361308021
0.585,0.8811535488584944
0.5855,0.8811496615861866
0.586,0.8811457743138789
0.5865,0.8811418870415711
0.587,0.8811379997692633
0.5875,0.8811341124969556
0.588,0.8811302252246479
0.5885,0.8811263379523401
0.589,0.8811224506800324
0.5895,0.8811185634077245
0.59,0.8811146761354168
0.5905,0.8811107888631091
0.591,0.8811069015908013
0.5915,0.8811030143184936
0.592,0.8810991270461859
0.5925,0.881095239773878
0.593,0.8810913525015703
0.5935,0.8810874652292626
0.594,0.8810835779569548
0.5945,0.8810796906846471
0.595,0.8810758034123394
0.5955,0.8810719161400316
0.596,0.8810680288677238
0.5965,0.881064141595416
0.597,0.8810602543231083
0.5975,0.8810563670508006
0.598,0.8810524797784928
0.5985,0.8810485925061851
0.599,0.8810447052338773
0.5995,0.8810408179615695
0.6,0.8810369306892618
0.6005,0.8810330434169541
0.601,0.8810291561446463
0.6015,0.8810252688723386
0.602,0.8810213816000309
0.6025,0.881017494327723
0.603,0.8810136070554153
0.6035,0.8810097197831076
0.604,0.8810058325107998
0.6045,0.8810019452384921
0.605,0.8809980579661842
0.6055,0.8809941706938765
0.606,0.8809902834215688
0.6065,0.880986396149261
0.607,0.8809825088769533
0.6075,0.8809786216046456
0.608,0.8809747343323377
0.6085,0.88097084706003
0.609,0.8809669597877223
0.6095,0.8809630725154145
0.61,0.8809591852431068
0.6105,0.8809552979707991
0.611,0.8809514106984913
0.6115,0.8809475234261835
0.612,0.8809436361538757
0.6125,0.880939748881568
0.613,0.8809358616092603
0.6135,0.8809319743369525
0.614,0.8809280870646448
0.6145,0.880924199792337
0.615,0.8809203125200292
0.6155,0.8809164252477215
0.616,0.8809125379754138
0.6165,0.880908650703106
0.617,0.8809047634307983
0.6175,0.8809008761584906
0.618,0.8808969888861827
0.6185,0.880893101613875
0.619,0.8808892143415673
0.6195,0.8808853270692595
0.62,0.8808814397969518
0.6205,0.880877552524644
0.621,0.8808736652523362
0.6215,0.8808697779800285
0.622,0.8808658907077207
0.6225,0.880862003435413
0.623,0.8808581161631053
0.6235,0.8808542288907975
0.624,0.8808503416184897
0.6245,0.880846454346182
0.625,0.8808425670738742
0.6255000000000001,0.8808386798015665
0.626,0.8808347925292588
0.6265000000000001,0.880830905256951
0.627,0.8808270179846432
0.6275000000000001,0.8808231307123354
0.628,0.8808192434400277
0.6285000000000001,0.88081535616772
0.629,0.8808114688954122
0.6295000000000001,0.8808075816231045
0.63,0.8808036943507968
0.6305000000000001,0.8807998070784889
0.631,0.8807959198061812
0.6315000000000001,0.8807920325338735
0.632,0.8807881452615657
0.6325000000000001,0.880784257989258
0.633,0.8807803707169503
0.6335000000000001,0.8807764834446424
0.634,0.8807725961723347
0.6345000000000001,0.880768708900027
0.635,0.8807648216277192
0.6355000000000001,0.8807609343554115
0.636,0.8807570470831037
0.6365000000000001,0.8807531598107959
0.637,0.8807492725384882
0.6375000000000001,0.8807453852661804
0.638,0.8807414979938727
0.6385000000000001,0.880737610721565
0.639,0.8807337234492572
0.6395000000000001,0.8807298361769494
0.64,0.8807259489046417
0.6405,0.8807220616323339
0.641,0.8807181743600262
0.6415,0.8807142870877185
0.642,0.8807103998154107
0.6425,0.880706512543103
0.643,0.8807026252707951
0.6435,0.8806987379984874
0.644,0.8806948507261797
0.6445,0.8806909634538719
0.645,0.8806870761815642
0.6455,0.8806831889092565
0.646,0.8806793016369486
0.6465,0.8806754143646409
0.647,0.8806715270923332
0.6475,0.8806676398200254
0.648,0.8806637525477177
0.6485,0.88065986527541
0.649,0.8806559780031021
0.6495,0.8806520907307944
0.65,0.8806482034584867
0.6505,0.8806443161861789
0.651,0.8806404289138712
0.6515,0.8806365416415634
0.652,0.8806326543692556
0.6525,0.8806287670969479
0.653,0.8806248798246401
0.6535,0.8806209925523324
0.654,0.8806171052800247
0.6545,0.8806132180077169
0.655,0.8806093307354091
0.6555,0.8806054434631014
0.656,0.8806015561907936
0.6565,0.8805976689184859
0.657,0.8805937816461782
0.6575,0.8805898943738704
0.658,0.8805860071015627
0.6585,0.8805821198292548
0.659,0.8805782325569471
0.6595,0.8805743452846394
0.66,0.8805704580123316
0.6605,0.8805665707400239
0.661,0.8805626834677162
0.6615,0.8805587961954083
0.662,0.8805549089231006
0.6625,0.8805510216507929
0.663,0.8805471343784851
0.6635,0.8805432471061774
0.664,0.8805393598338697
0.6645,0.8805354725615618
0.665,0.8805315852892541
0.6655,0.8805276980169464
0.666,0.8805238107446386
0.6665,0.8805199234723309
0.667,0.8805160362000231
0.6675,0.8805121489277153
0.668,0.8805082616554076
0.6685,0.8805043743830998
0.669,0.8805004871107921
0.6695,0.8804965998384844
0.67,0.8804927125661766
0.6705,0.8804888252938688
0.671,0.8804849380215611
0.6715,0.8804810507492533
0.672,0.8804771634769456
0.6725,0.8804732762046379
0.673,0.8804693889323301
0.6735,0.8804655016600224
0.674,0.8804616143877145
0.6745,0.8804577271154068
0.675,0.8804538398430991
0.6755,0.8804499525707913
0.676,0.8804460652984836
0.6765,0.8804421780261759
0.677,0.880438290753868
0.6775,0.8804344034815603
0.678,0.8804305162092526
0.6785,0.8804266289369448
0.679,0.8804227416646371
0.6795,0.8804188543923294
0.68,0.8804149671200215
0.6805,0.8804110798477138
0.681,0.880407192575406
0.6815,0.8804033053030983
0.682,0.8803994180307906
0.6825,0.8803955307584828
0.683,0.880391643486175
0.6835,0.8803877562138673
0.684,0.8803838689415595
0.6845,0.8803799816692518
0.685,0.8803760943969441
0.6855,0.8803722071246363
0.686,0.8803683198523286
0.6865,0.8803644325800208
0.687,0.880360545307713
0.6875,0.8803566580354053
0.6880000000000001,0.8803527707630976
0.6885,0.8803488834907898
0.6890000000000001,0.8803449962184821
0.6895,0.8803411089461742
0.6900000000000001,0.8803372216738665
0.6905,0.8803333344015588
0.6910000000000001,0.880329447129251
0.6915,0.8803255598569433
0.6920000000000001,0.8803216725846356
0.6925,0.8803177853123277
0.6930000000000001,0.88031389804002
0.6935,0.8803100107677123
0.6940000000000001,0.8803061234954045
0.6945,0.8803022362230968
0.6950000000000001,0.8802983489507891
0.6955,0.8802944616784812
0.6960000000000001,0.8802905744061735
0.6965,0.8802866871338657
0.6970000000000001,0.880282799861558
0.6975,0.8802789125892503
0.6980000000000001,0.8802750253169425
0.6985,0.8802711380446347
0.6990000000000001,0.880267250772327
0.6995,0.8802633635000192
0.7000000000000001,0.8802594762277115
0.7005,0.8802555889554038
0.7010000000000001,0.880251701683096
0.7015,0.8802478144107883
0.7020000000000001,0.8802439271384805
0.7025,0.8802400398661727
0.7030000000000001,0.880236152593865
0.7035,0.8802322653215573
0.704,0.8802283780492495
0.7045,0.8802244907769418
0.705,0.8802206035046339
0.7055,0.8802167162323262
0.706,0.8802128289600185
0.7065,0.8802089416877107
0.707,0.880205054415403
0.7075,0.8802011671430953
0.708,0.8801972798707874
0.7085,0.8801933925984797
0.709,0.880189505326172
0.7095,0.8801856180538642
0.71,0.8801817307815565
0.7105,0.8801778435092488
0.711,0.880173956236941
0.7115,0.8801700689646332
0.712,0.8801661816923254
0.7125,0.8801622944200177
0.713,0.88015840714771
0.7135,0.8801545198754022
0.714,0.8801506326030945
0.7145,0.8801467453307867
0.715,0.8801428580584789
0.7155,0.8801389707861712
0.716,0.8801350835138635
0.7165,0.8801311962415557
0.717,0.880127308969248
0.7175,0.8801234216969402
0.718,0.8801195344246324
0.7185,0.8801156471523247
0.719,0.880111759880017
0.7195,0.8801078726077092
0.72,0.8801039853354015
0.7205,0.8801000980630936
0.721,0.8800962107907859
0.7215,0.8800923235184782
0.722,0.8800884362461704
0.7225,0.8800845489738627
0.723,0.880080661701555
0.7235,0.8800767744292471
0.724,0.8800728871569394
0.7245,0.8800689998846317
0.725,0.8800651126123239
0.7255,0.8800612253400162
0.726,0.8800573380677085
0.7265,0.8800534507954006
0.727,0.8800495635230929
0.7275,0.8800456762507851
0.728,0.8800417889784774
0.7285,0.8800379017061697
0.729,0.8800340144338619
0.7295,0.8800301271615542
0.73,0.8800262398892464
0.7305,0.8800223526169386
0.731,0.8800184653446309
0.7315,0.8800145780723232
0.732,0.8800106908000154
0.7325,0.8800068035277077
0.733,0.8800029162554
0.7335,0.8799990289830921
0.734,0.8799951417107844
0.7345,0.8799912544384767
0.735,0.8799873671661689
0.7355,0.8799834798938612
0.736,0.8799795926215533
0.7365,0.8799757053492456
0.737,0.8799718180769379
0.7375,0.8799679308046301
0.738,0.8799640435323224
0.7385,0.8799601562600147
0.739,0.8799562689877068
0.7395,0.8799523817153991
0.74,0.8799484944430914
0.7405,0.8799446071707836
0.741,0.8799407198984759
0.7415,0.8799368326261682
0.742,0.8799329453538604
0.7425,0.8799290580815526
0.743,0.8799251708092448
0.7435,0.8799212835369371
0.744,0.8799173962646294
0.7445,0.8799135089923216
0.745,0.8799096217200139
0.7455,0.8799057344477061
0.746,0.8799018471753983
0.7465,0.8798979599030906
0.747,0.8798940726307829
0.7475,0.8798901853584751
0.748,0.8798862980861674
0.7485,0.8798824108138597
0.749,0.8798785235415518
0.7495,0.8798746362692441
0.75,0.8798707489969364
0.7505000000000001,0.8798668617246286
0.751,0.8798629744523209
0.7515000000000001,0.879859087180013
0.752,0.8798551999077053
0.7525000000000001,0.8798513126353976
0.753,0.8798474253630898
0.7535000000000001,0.8798435380907821
0.754,0.8798396508184744
0.7545000000000001,0.8798357635461665
0.755,0.8798318762738588
0.7555000000000001,0.8798279890015511
0.756,0.8798241017292433
0.7565000000000001,0.8798202144569356
0.757,0.8798163271846279
0.7575000000000001,0.87981243991232
0.758,0.8798085526400123
0.7585000000000001,0.8798046653677045
0.759,0.8798007780953968
0.7595000000000001,0.8797968908230891
0.76,0.8797930035507813
0.7605000000000001,0.8797891162784736
0.761,0.8797852290061658
0.7615000000000001,0.879781341733858
0.762,0.8797774544615503
0.7625000000000001,0.8797735671892426
0.763,0.8797696799169348
0.7635000000000001,0.8797657926446271
0.764,0.8797619053723194
0.7645000000000001,0.8797580181000115
0.765,0.8797541308277038
0.7655000000000001,0.8797502435553961
0.766,0.8797463562830883
0.7665000000000001,0.8797424690107806
0.767,0.8797385817384727
0.7675000000000001,0.879734694466165
0.768,0.8797308071938573
0.7685,0.8797269199215495
0.769,0.8797230326492418
0.7695,0.8797191453769341
0.77,0.8797152581046263
0.7705,0.8797113708323185
0.771,0.8797074835600108
0.7715,0.879703596287703
0.772,0.8796997090153953
0.7725,0.8796958217430876
0.773,0.8796919344707798
0.7735,0.879688047198472
0.774,0.8796841599261642
0.7745,0.8796802726538565
0.775,0.8796763853815488
0.7755,0.879672498109241
0.776,0.8796686108369333
0.7765,0.8796647235646256
0.777,0.8796608362923177
0.7775,0.87965694902001
0.778,0.8796530617477023
0.7785,0.8796491744753945
0.779,0.8796452872030868
0.7795,0.879641399930779
0.78,0.8796375126584712
0.7805,0.8796336253861635
0.781,0.8796297381138558
0.7815,0.879625850841548
0.782,0.8796219635692403
0.7825,0.8796180762969324
0.783,0.8796141890246247
0.7835,0.879610301752317
0.784,0.8796064144800092
0.7845,0.8796025272077015
0.785,0.8795986399353938
0.7855,0.879594752663086
0.786,0.8795908653907782
0.7865,0.8795869781184705
0.787,0.8795830908461627
0.7875,0.879579203573855
0.788,0.8795753163015473
0.7885,0.8795714290292395
0.789,0.8795675417569317
0.7895,0.8795636544846239
0.79,0.8795597672123162
0.7905,0.8795558799400085
0.791,0.8795519926677007
0.7915,0.879548105395393
0.792,0.8795442181230853
0.7925,0.8795403308507774
0.793,0.8795364435784697
0.7935,0.879532556306162
0.794,0.8795286690338542
0.7945,0.8795247817615465
0.795,0.8795208944892388
0.7955,0.8795170072169309
0.796,0.8795131199446232
0.7965,0.8795092326723155
0.797,0.8795053454000077
0.7975,0.8795014581277
0.798,0.8794975708553922
0.7985,0.8794936835830844
0.799,0.8794897963107767
0.7995,0.8794859090384689
0.8,0.8794820217661612
0.8005,0.8794781344938535
0.801,0.8794742472215457
0.8015,0.879470359949238
0.802,0.8794664726769302
0.8025,0.8794625854046224
0.803,0.8794586981323147
0.8035,0.879454810860007
0.804,0.8794509235876992
0.8045,0.8794470363153915
0.805,0.8794431490430836
0.8055,0.8794392617707759
0.806,0.8794353744984682
0.8065,0.8794314872261604
0.807,0.8794275999538527
0.8075,0.879423712681545
0.808,0.8794198254092371
0.8085,0.8794159381369294
0.809,0.8794120508646217
0.8095,0.8794081635923139
0.81,0.8794042763200062
0.8105,0.8794003890476985
0.811,0.8793965017753906
0.8115,0.8793926145030829
0.812,0.8793887272307751
0.8125,0.8793848399584674
0.8130000000000001,0.8793809526861597
0.8135,0.8793770654138519
0.8140000000000001,0.8793731781415441
0.8145,0.8793692908692364
0.8150000000000001,0.8793654035969286
0.8155,0.8793615163246209
0.8160000000000001,0.8793576290523132
0.8165,0.8793537417800054
0.8170000000000001,0.8793498545076976
0.8175,0.8793459672353899
0.8180000000000001,0.8793420799630821
0.8185,0.8793381926907744
0.8190000000000001,0.8793343054184667
0.8195,0.8793304181461589
0.8200000000000001,0.8793265308738512
0.8205,0.8793226436015433
0.8210000000000001,0.8793187563292356
0.8215,0.8793148690569279
0.8220000000000001,0.8793109817846201
0.8225,0.8793070945123124
0.8230000000000001,0.8793032072400047
0.8235,0.8792993199676968
0.8240000000000001,0.8792954326953891
0.8245,0.8792915454230814
0.8250000000000001,0.8792876581507736
0.8255,0.8792837708784659
0.8260000000000001,0.8792798836061582
0.8265,0.8792759963338503
0.8270000000000001,0.8792721090615426
0.8275,0.8792682217892348
0.8280000000000001,0.8792643345169271
0.8285,0.8792604472446194
0.8290000000000001,0.8792565599723116
0.8295,0.8792526727000038
0.8300000000000001,0.8792487854276961
0.8305,0.8792448981553883
0.8310000000000001,0.8792410108830806
0.8315,0.8792371236107729
0.8320000000000001,0.8792332363384651
0.8325,0.8792293490661574
0.833,0.8792254617938496
0.8335,0.8792215745215418
0.834,0.8792176872492341
0.8345,0.8792137999769264
0.835,0.8792099127046186
0.8355,0.8792060254323109
0.836,0.879202138160003
0.8365,0.8791982508876953
0.837,0.8791943636153876
0.8375,0.8791904763430798
0.838,0.8791865890707721
0.8385,0.8791827017984644
0.839,0.8791788145261565
0.8395,0.8791749272538488
0.84,0.8791710399815411
0.8405,0.8791671527092333
0.841,0.8791632654369256
0.8415,0.8791593781646179
0.842,0.87915549089231
0.8425,0.8791516036200023
0.843,0.8791477163476945
0.8435,0.8791438290753868
0.844,0.8791399418030791
0.8445,0.8791360545307713
0.845,0.8791321672584635
0.8455,0.8791282799861558
0.846,0.879124392713848
0.8465,0.8791205054415403
0.847,0.8791166181692326
0.8475,0.8791127308969248
0.848,0.879108843624617
0.8485,0.8791049563523093
0.849,0.8791010690800015
0.8495,0.8790971818076938
0.85,0.8790932945353861
0.8505,0.8790894072630783
0.851,0.8790855199907706
0.8515,0.8790816327184627
0.852,0.879077745446155
0.8525,0.8790738581738473
0.853,0.8790699709015395
0.8535,0.8790660836292318
0.854,0.8790621963569241
0.8545,0.8790583090846162
0.855,0.8790544218123085
0.8555,0.8790505345400008
0.856,0.879046647267693
0.8565,0.8790427599953853
0.857,0.8790388727230776
0.8575,0.8790349854507697
0.858,0.879031098178462
0.8585,0.8790272109061542
0.859,0.8790233236338465
0.8595,0.8790194363615388
0.86,0.879015549089231
0.8605,0.8790116618169233
0.861,0.8790077745446155
0.8615,0.8790038872723077
0.862,0.879
0.8625,0.8774528985507245
0.863,0.8759057971014492
0.8635,0.8743586956521737
0.864,0.8728115942028986
0.8645,0.871264492753623
0.865,0.8697173913043478
0.8655,0.8681702898550723
0.866,0.8666231884057971
0.8665,0.8650760869565216
0.867,0.8635289855072463
0.8675,0.8619818840579708
0.868,0.8604347826086957
0.8685,0.8588876811594202
0.869,0.8573405797101449
0.8695,0.8557934782608694
0.87,0.8542463768115942
0.8705,0.8526992753623186
0.871,0.8511521739130434
0.8715,0.8496050724637679
0.872,0.8480579710144928
0.8725,0.8465108695652171
0.873,0.844963768115942
0.8735,0.8434166666666665
0.874,0.8418695652173913
0.8745,0.8403224637681157
0.875,0.8387753623188405
0.8755000000000001,0.837228260869565
0.876,0.8356811594202899
0.8765000000000001,0.8341340579710143
0.877,0.8325869565217391
0.8775000000000001,0.8310398550724636
0.878,0.8294927536231884
0.8785000000000001,0.8279456521739128
0.879,0.8263985507246376
0.8795000000000001,0.8248514492753621
0.88,0.823304347826087
0.8805000000000001,0.8217572463768114
0.881,0.8202101449275362
0.8815000000000001,0.8186630434782607
0.882,0.8171159420289855
0.8825000000000001,0.8155688405797099
0.883,0.8140217391304347
0.8835000000000001,0.8124746376811592
0.884,0.810927536231884
0.8845000000000001,0.8093804347826085
0.885,0.8078333333333333
0.8855000000000001,0.8062862318840578
0.886,0.8047391304347825
0.8865000000000001,0.803192028985507
0.887,0.8016449275362318
0.8875000000000001,0.8000978260869563
0.888,0.7985507246376811
0.8885000000000001,0.7970036231884056
0.889,0.7954565217391304
0.8895000000000001,0.7939094202898549
0.89,0.7923623188405796
0.8905000000000001,0.7908152173913041
0.891,0.789268115942029
0.8915000000000001,0.7877210144927533
0.892,0.7861739130434782
0.8925000000000001,0.7846268115942027
0.893,0.7830797101449275
0.8935000000000001,0.7815326086956519
0.894,0.7799855072463767
0.8945000000000001,0.7784384057971012
0.895,0.776891304347826
0.8955000000000001,0.7753442028985504
0.896,0.7737971014492753
0.8965,0.7722500000000001
0.897,0.7707028985507246
0.8975,0.7691557971014493
0.898,0.7676086956521738
0.8985,0.7660615942028987
0.899,0.7645144927536232
0.8995,0.7629673913043479
0.9,0.7614202898550724
0.9005,0.7598731884057972
0.901,0.7583260869565216
0.9015,0.7567789855072464
0.902,0.7552318840579709
0.9025,0.7536847826086958
0.903,0.7521376811594203
0.9035,0.750590579710145
0.904,0.7490434782608695
0.9045,0.7474963768115943
0.905,0.7459492753623187
0.9055,0.7444021739130435
0.906,0.742855072463768
0.9065,0.7413079710144929
0.907,0.7397608695652174
0.9075,0.7382137681159421
0.908,0.7366666666666666
0.9085,0.7351195652173914
0.909,0.7335724637681158
0.9095,0.7320253623188406
0.91,0.7304782608695651
0.9105,0.7289311594202899
0.911,0.7273840579710144
0.9115,0.7258369565217392
0.912,0.7242898550724637
0.9125,0.7227427536231885
0.913,0.7211956521739129
0.9135,0.7196485507246377
0.914,0.7181014492753622
0.9145,0.716554347826087
0.915,0.7150072463768115
0.9155,0.7134601449275363
0.916,0.7119130434782608
0.9165,0.7103659420289856
0.917,0.70881884057971
0.9175,0.7072717391304348
0.918,0.7057246376811592
0.9185,0.7041775362318841
0.919,0.7026304347826086
0.9195,0.7010833333333334
0.92,0.6995362318840579
0.9205,0.6979891304347826
0.921,0.6964420289855071
0.9215,0.6948949275362319
0.922,0.6933478260869563
0.9225,0.6918007246376812
0.923,0.6902536231884057
0.9235,0.6887065217391305
0.924,0.687159420289855
0.9245,0.6856123188405797
0.925,0.6840652173913042
0.9255,0.682518115942029
0.926,0.6809710144927534
0.9265,0.6794239130434783
0.927,0.6778768115942028
0.9275,0.6763297101449276
0.928,0.674782608695652
0.9285,0.6732355072463768
0.929,0.6716884057971013
0.9295,0.6701413043478261
0.93,0.6685942028985505
0.9305,0.6670471014492754
0.931,0.6654999999999999
0.9315,0.6639528985507246
0.932,0.6624057971014491
0.9325,0.6608586956521739
0.933,0.6593115942028984
0.9335,0.6577644927536233
0.934,0.6562173913043476
0.9345,0.6546702898550725
0.935,0.653123188405797
0.9355,0.6515760869565217
0.936,0.6500289855072462
0.9365,0.648481884057971
0.937,0.6469347826086955
0.9375,0.6453876811594204
0.9380000000000001,0.6438405797101447
0.9385,0.6422934782608696
0.9390000000000001,0.640746376811594
0.9395,0.6391992753623188
0.9400000000000001,0.6376521739130433
0.9405,0.6361050724637681
0.9410000000000001,0.6345579710144926
0.9415,0.6330108695652173
0.9420000000000001,0.6314637681159418
0.9425,0.6299166666666667
0.9430000000000001,0.6283695652173911
0.9435,0.6268224637681159
0.9440000000000001,0.6252753623188404
0.9445,0.6237282608695652
0.9450000000000001,0.6221811594202897
0.9455,0.6206340579710145
0.9460000000000001,0.619086956521739
0.9465,0.6175398550724638
0.9470000000000001,0.6159927536231882
0.9475,0.614445652173913
0.9480000000000001,0.6128985507246375
0.9485,0.6113514492753622
0.9490000000000001,0.6098043478260868
0.9495,0.6082572463768116
0.9500000000000001,0.606710144927536
0.9505,0.6051630434782609
0.9510000000000001,0.6036159420289853
0.9515,0.6020688405797101
0.9520000000000001,0.6005217391304346
0.9525,0.5989746376811593
0.9530000000000001,0.5974275362318838
0.9535,0.5958804347826087
0.9540000000000001,0.5943333333333332
0.9545,0.592786231884058
0.9550000000000001,0.5912391304347824
0.9555,0.5896920289855072
0.9560000000000001,0.5881449275362316
0.9565,0.5865978260869564
0.9570000000000001,0.5850507246376809
0.9575,0.5835036231884058
0.9580000000000001,0.5819565217391303
0.9585,0.5804094202898551
0.9590000000000001,0.5788623188405795
0.9595,0.5773152173913043
0.96,0.5757681159420291
0.9605,0.5742210144927535
0.961,0.5726739130434784
0.9615,0.5711268115942029
0.962,0.5695797101449276
0.9625,0.5680326086956522
0.963,0.5664855072463769
0.9635,0.5649384057971014
0.964,0.5633913043478262
0.9645,0.5618442028985506
0.965,0.5602971014492755
0.9655,0.5587499999999999
0.966,0.5572028985507247
0.9665,0.5556557971014492
0.967,0.554108695652174
0.9675,0.5525615942028985
0.968,0.5510144927536234
0.9685,0.5494673913043477
0.969,0.5479202898550726
0.9695,0.546373188405797
0.97,0.5448260869565218
0.9705,0.5432789855072463
0.971,0.5417318840579711
0.9715,0.5401847826086956
0.972,0.5386376811594205
0.9725,0.5370905797101448
0.973,0.5355434782608697
0.9735,0.5339963768115941
0.974,0.5324492753623189
0.9745,0.5309021739130434
0.975,0.5293550724637682
0.9755,0.5278079710144927
0.976,0.5262608695652176
0.9765,0.524713768115942
0.977,0.5231666666666668
0.9775,0.5216195652173912
0.978,0.520072463768116
0.9785,0.5185253623188405
0.979,0.5169782608695652
0.9795,0.5154311594202898
0.98,0.5138840579710146
0.9805,0.512336956521739
0.981,0.5107898550724639
0.9815,0.5092427536231883
0.982,0.5076956521739131
0.9825,0.5061485507246376
0.983,0.5046014492753623
0.9835,0.5030543478260869
0.984,0.5015072463768117
0.9845,0.49996014492753615
0.985,0.49841304347826093
0.9855,0.4968659420289854
0.986,0.4953188405797102
0.9865,0.49377173913043465
0.987,0.4922246376811595
0.9875,0.4906775362318839
0.988,0.48913043478260876
0.9885,0.4875833333333332
0.989,0.48603623188405803
0.9895,0.4844891304347825
0.99,0.4829420289855073
0.9905,0.48139492753623175
0.991,0.4798478260869566
0.9915,0.47830072463768103
0.992,0.47675362318840586
0.9925,0.4752065217391303
0.993,0.47365942028985514
0.9935,0.4721123188405796
0.994,0.4705652173913044
0.9945,0.46901811594202886
0.995,0.4674710144927537
0.9955,0.46592391304347813
0.996,0.46437681159420297
0.9965,0.4628297101449274
0.997,0.46128260869565224
0.9975,0.4597355072463767
0.998,0.45818840579710146
0.9985,0.45664130434782596
0.999,0.45509420289855074
0.9995,0.45354710144927524
1.0,0.452
